{
    "id": 103,
    "end_point": "/graph-connect/medusa/v1/medusaGraph",
    "module_code": 1,
    "header": "Connections for",
    "additional_info": "",
    "action_info": "",
    "root_node": ["Award"],
    "root_relations": [
        "RESULTS_IN",
        "AWARD_CHAIN_INFO"
    ],
    "root_name" : "Root",
    "relations": [
        {
            "node": "GrantCall",
            "relationships": [
                {
                    "id": "1",
                    "relation": ["INITIATES"],
                    "description": "Proposals"
                },
                {
                    "id": "2",
                    "relation": ["RESULTS_IN"],
                    "description": "Awards"
                }
            ]
        },
        {
            "node": "Proposal",
            "relationships": [
                {
                    "id": "1",
                    "relation": ["INITIATES"],
                    "description": "Grant Call"
                },
                {
                    "id": "2",
                    "relation": ["APPROVED_AS"],
                    "description": "Institute Proposal"
                },
                {
                    "id": "3",
                    "relation": ["PROPOSAL_IRB_PROTOCOLS"],
                    "description": "IRB Protocols"
                },
                {
                    "id": "4",
                    "relation": ["PROPOSAL_IACUC_PROTOCOLS"],
                    "description": "IACUC Protocols"
                },
                {
                    "id": "5",
                    "relation": ["ASSOCIATED_WITH"],
                    "description": "Agreements"
                },
                {
                    "id": "6",
                    "relation": ["RELATES_TO"],
                    "description": "Service Requests"
                }

            ]
        },
        {
            "node": "Award",
            "relationships": [
                {
                    "id": "1",
                    "relation": ["RESULTS_IN"],
                    "description": "Grant Call"
                },
                {
                    "id": "2",
                    "relation": ["AWARD_IRB_PROTOCOLS"],
                    "description": "IRB Protocols"
                },
                {
                    "id": "3",
                    "relation": ["AWARD_IACUC_PROTOCOLS"],
                    "description": "IACUC Protocols"
                },
                {
                    "id": "4",
                    "relation": ["CHILD_AWARDS"],
                    "description": "Child Awards"
                },
                {
                    "id": "5",
                    "relation": ["RELATES_TO"],
                    "description": "Service Requests"
                },
                {
                    "id": "6",
                    "relation": ["AWARD_SUB_AWARD"],
                    "description": "Sub Awards"
                },
                {
                    "id": "7",
                    "relation": ["FUNDED_BY"],
                    "description": "Institute Proposal"
                },
                {
                    "id": "8",
                    "relation": ["ASSOCIATED_WITH"],
                    "description": "Agreements"
                }
            ]
        },
        {
            "node": "InstituteProposal",
            "relationships": [
                {
                    "id": "1",
                    "relation": ["APPROVED_AS"],
                    "description": "Proposals"
                },
                {
                    "id": "2",
                    "relation": ["ASSOCIATED_WITH"],
                    "description": "Agreements"
                },
                {
                    "id": "3",
                    "relation": ["RELATES_TO"],
                    "description": "Service Requests"
                },
                {
                    "id": "4",
                    "relation": ["FUNDED_BY"],
                    "description": "Awards"
                }
            ]
        },
        {
            "node": "Agreement",
            "relationships": [
                {
                    "id": "1",
                    "relation": ["ASSOCIATED_WITH"],
                    "description": "ASSOCIATED WITH"
                }
            ]
        },
        {
            "node": "ServiceRequest",
            "relationships": [
                {
                    "id": "1",
                    "relation": ["RELATES_TO"],
                    "description": "RELATES TO"
                }
            ]
        }
    ],
    "available_nodes": ["Award","InstituteProposal","Agreement","ServiceRequest","Proposal","GrantCall"]
}