{
    "id": 101,
    "end_point": "/graph-connect/coi/v1/entitygraph",
    "module_code": 15,
    "header": "Entity Connections for",
    "additional_info": "",
    "action_info": "",
    "root_node": ["Entity"],
    "root_relations": [
        "ASSOCIATED_PERSONS_WITH_CITIZEN_INFO",
        "AFFILIATED_ENTITIES",
        "BELONGS_TO",
        "ASSOCIATED_PERSONS"
    ],
    "root_name" : "Root",
    "relations": [
        {
            "node": "Person",
            "relationships": [
                {
                    "id": "1",
                    "relation": ["ASSOCIATED_ENTITIES"],
                    "description": "Related Entities"
                },
                {
                    "id": "2",
                    "relation": ["CITIZEN_OF"],
                    "description": "Country"
                }
            ]
        },
        {
            "node": "Entity",
            "relationships": [
                {
                    "id": "1",
                    "relation": ["BELONGS_TO"],
                    "description": "Country"
                },
                {
                    "id": "2",
                    "relation": ["ASSOCIATED_PERSONS"],
                    "description": "Related Persons"
                },
                {
                    "id": "3",
                    "relation": ["ASSOCIATED_ENTITIES", "BELONGS_TO"],
                    "description": "Related Entities"
                }
            ]
        },
        {
            "node": "Country",
            "relationships": [
                {
                    "id": "1",
                    "relation": ["ENTITIES_BELONGS_WITH"],
                    "description": "Entities Associated With"
                }
            ]
        }
    ]
}