{
    "id": 102,
    "end_point": "/graph-connect/medusa/v1/medusaGraph",
    "module_code": 15,
    "header": "Connections for",
    "additional_info": "",
    "action_info": "",
    "root_node": ["GrantCall"],
    "root_relations": [
        "INITIATES",
        "RELATES_TO"
    ],
    "root_name" : "Root",
    "relations": [
        {
            "node": "GrantCall",
            "relationships": [
                {
                    "id": "1",
                    "relation": ["INITIATES"],
                    "description": "INITIATES"
                },
                {
                    "id": "2",
                    "relation": ["RELATES_TO"],
                    "description": "RELATES_TO"
                }
            ]
        },
        {
            "node": "Proposal",
            "relationships": [
                {
                    "id": "1",
                    "relation": ["ASSOCIATED_WITH"],
                    "description": "ASSOCIATED_WITH"
                },
                {
                    "id": "2",
                    "relation": ["INITIATES"],
                    "description": "INITIATES"
                },
                {
                    "id": "3",
                    "relation": ["RELATES_TO"],
                    "description": "RELATES_TO"
                }
            ]
        },
        {
            "node": "Agreement",
            "relationships": [
                {
                    "id": "1",
                    "relation": ["ASSOCIATED_WITH"],
                    "description": "ASSOCIATED_WITH"
                }
            ]
        },
        {
            "node": "ServiceRequest",
            "relationships": [
                {
                    "id": "1",
                    "relation": ["RELATES_TO"],
                    "description": "RELATES_TO"
                }
            ]
        }
    ],
    "available_nodes": ["Award","InstituteProposal","Agreement","ServiceRequest","Proposal","GrantCall"]
}