
{    
    "nodes": { 
        "Award" : {
            "colour": "#dd7d33",
            "size": 10,
            "name": "Award",
            "image": "assets/images/g_award.png",
            "openLink": "#/fibi/award/overview?awardId=",
            "valueField": "award_number",
            "linkType": "FIBI"
        },
        "Country": {
            "colour": "#5ab008",
            "size": 6,
            "name": "Country",
            "image": "assets/images/g_country.png",
            "valueField": "country_code",
            "linkType": "FIBI"
        },
        "Entity" :{
            "colour": "#b14403",
            "size": 10,
            "name": "Entity",
            "image": "assets/images/g_entity.png",
            "openLink": "#/coi/entity-management/entity-details?entityManageId=",
            "valueField": "entity_number",
            "linkType": "COI"
        },
        "Person": {
            "colour": "#f2aa20",
            "size": 8,
            "name": "Person",
            "image": "assets/images/g_person.png",
            "openLink": "#/fibi/person/person-details?personId=",
            "valueField": "person_id",
            "linkType": "FIBI"
        },
        "Proposal": {
            "colour": "#b0bef7",
            "size": 8,
            "name": "Proposal",
            "image": "assets/images/g_proposal.png",
            "openLink": "#/fibi/proposal/overview?proposalId=",
            "valueField": "title",
            "linkType": "FIBI"
        },
        "Sponsor": {
            "entity":"",
            "colour": "#c69602",
            "size": 8,
            "name": "Sponsor",
            "image": "assets/images/g_sponsor.png",
            "openLink": "#/fibi/sponsor-maintenance/sponsor-view?sponsorId=",
            "valueField": "sponsor_code",
            "linkType": "FIBI"
        },
        "TravelDisclosure":{
            "colour": "#eee",
            "size": 8,
            "name": "Travel Disclosure",
            "image": "assets/images/g_travel.png",
            "openLink": "#/coi/create-travel-disclosure/travel-details?disclosureId=",
            "valueField": "travel_number",
            "linkType": "COI"
        },
        "Unit":{
            "colour": "#7b936a",
            "size": 12,
            "name": "Unit",
            "image": "assets/images/g_unit.png",
            "valueField": "unit_number",
            "linkType": "FIBI"
        },
        "ServiceRequest":{
            "colour": "#7b936a",
            "size": 12,
            "name": "ServiceRequest",
            "image": "assets/images/g-servicerequest.png",
            "valueField": "service_request_id",
            "linkType": "FIBI",
            "openLink": "#/fibi/service-request/overview?serviceRequestId="
        },
        "InstituteProposal":{
            "colour": "#7b936a",
            "size": 12,
            "name": "InstituteProposal",
            "image": "assets/images/g-ip.png",
            "valueField": "proposal_id",
            "linkType": "FIBI",
            "openLink": "#/fibi/instituteproposal/overview?instituteProposalId="
        },
        "Agreement":{
            "colour": "#7b936a",
            "size": 12,
            "name": "Agreement",
            "image": "assets/images/g-agreement.png",
            "valueField": "agreement_request_id",
            "linkType": "FIBI",
            "openLink": "#/fibi/agreement/form?agreementId="
        },
        "GrantCall":{
            "colour": "#7b936a",
            "size": 12,
            "name": "GrantCall",
            "image": "assets/images/g-grantcall.png",
            "valueField": "grant_call_id",
            "linkType": "FIBI",
            "openLink": "#/fibi/grant/overview?grantId="
        }
    },
    "relations": {
        "AWARD_NUMBER": {
            "colour": "#E7AA99",
            "lineWidth": 1.5,
            "name": "Award Number"
        },
        "AWARD_OWNED_BY": {
            "relation":"AWARD_OWNED_BY",
            "colour": "#f2aa20",
            "lineWidth": 1.5,
            "name": "Award Owned by"
        },
        "AWARD_PRIME_SPONSORED_BY":{
            "colour": "#c69602",
            "lineWidth": 1.5,
            "name": "Prime Award Sponsor"
        },
        "AWARD_SPONSORED_BY":{
            "colour": "#E7AA99",
            "lineWidth": 1.5,
            "name": "Award Sponsor"
        },
        "BELONGS_TO":{
            "relation":"BELONGS_TO",
            "colour": "#5ab008",
            "lineWidth": 1.5,
            "name": "Belongs to"
        },
        "CITIZEN_OF":{
            "relation":"CITIZEN_OF",
            "colour": "#5ab008",
            "lineWidth": 1.5,
            "name": "Citizen of"
        },
        "DEPENDANT_RELATIONSHIP": {
            "colour": "#eee",
            "lineWidth": 1.5,
            "name": "Entities related via depedent members"
        },
        "FINANCIALLY_SUPPORTED": {
            "relation":"FINANCIALLY_SUPPORTED",
            "colour": "#eee",
            "lineWidth": 1.5,
            "name": ""
        },
        "LINKED_WITH_AWARD":{
            "relation":"LINKED_WITH_AWARD",
            "colour": "#dd7d33",
            "lineWidth": 2.5,
            "name": ""
        },
        "LINKED_WITH_PROPOSAL" :{
            "colour": "#eee",
            "lineWidth": 1.5,
            "name": ""
        },
        "MY_FCOI_DISCLOSURE": {
            "colour": "#366ae8",
            "lineWidth": 1.5,
            "name": ""
        },
        "MY_TRAVEL_DISCLOSURE": {
            "colour": "#b14403",
            "lineWidth": 1.5,
            "name": ""
        },
        "PROPOSAL_OWNED_BY":{
            "relation":"",
            "colour": "#b0bef7",
            "lineWidth": 1.5,
            "name": ""
        },
        "PROPOSAL_PRIME_SPONSORED_BY": {
            "relation":"PROPOSAL_PRIME_SPONSORED_BY",
            "colour": "#c69602",
            "lineWidth": 1.5,
            "name": ""
        },
        "PROPOSAL_SPONSORED_BY": {
            "relation":"PROPOSAL_SPONSORED_BY",
            "colour": "#c69602",
            "lineWidth": 1.5,
            "name": ""
        },
        "SELF_RELATIONSHIP": {
            "relation":"SELF_RELATIONSHIP",
            "colour": "#341be5",
            "lineWidth": 1.5,
            "name": ""
        },
        "SIBLINGS_FROM_THE_SAME_PARENT": {
            "relation":"SIBLINGS_FROM_THE_SAME_PARENT",
            "colour": "#eee",
            "lineWidth": 1.5,
            "name": ""
        },
        "SPOUSE_RELATIONSHIP": {
            "relation":"SPOUSE_RELATIONSHIP",
            "colour": "#b14403",
            "lineWidth": 1,
            "name": ""
        },
        "SUBSIDIARY": {
            "relation":"SUBSIDIARY",
            "colour": "#eee",
            "lineWidth": 1.5,
            "name": ""
        },
        "TRAVEL_SPONSORED":{
            "relation":"TRAVEL_SPONSORED",
            "colour": "#7b936a",
            "lineWidth": 1.5,
            "name": ""
        },
        "INITIATES": {
            "relation":"INITIATES",
            "colour": "#f2aa20",
            "lineWidth": 1.5,
            "name": "INITIATES"
        },
        "FUNDED_BY": {
            "relation":"FUNDED_BY",
            "colour": "#f2aa20",
            "lineWidth": 1.5,
            "name": "FUNDED BY"
        },
        "ASSOCIATED_WITH": {
            "relation":"ASSOCIATED_WITH",
            "colour": "#f2aa20",
            "lineWidth": 1.5,
            "name": "ASSOCIATED WITH"
        },
        "RELATES_TO": {
            "relation":"RELATES_TO",
            "colour": "#f2aa20",
            "lineWidth": 1.5,
            "name": "RELATES TO"
        },
        "APPROVED_AS": {
            "relation":"APPROVED_AS",
            "colour": "#f2aa20",
            "lineWidth": 1.5,
            "name": "APPROVED AS"
        },
        "CHILD_AWARDS": {
            "relation":"CHILD_AWARDS",
            "colour": "#f2aa20",
            "lineWidth": 1.5,
            "name": "IS THE PARENT OF"
        },
        "RESULTS_IN": {
            "relation":"RESULTS_IN",
            "colour": "#f2aa20",
            "lineWidth": 1.5,
            "name": "RESULTS IN"
        },
        "AWARD_CHAIN_INFO": {
            "relation":"AWARD_CHAIN_INFO",
            "colour": "#f2aa20",
            "lineWidth": 1.5,
            "name": "AWARD CHAIN INFO"
        }
    },
    "externalLinks": {
        "FIBI": "http://192.168.1.47:8080/fibi/",
        "COI": "http://10.199.100.35:2222/"
    },
    "additionalImages": [
        {"id": "ESponsor", "image":"assets/images/g_proposal.png"}
    ]
      
}
