{
    "id": 104,
    "end_point": "/graph-connect/medusa/v1/medusaGraph",
    "module_code": 2,
    "header": "Connections for",
    "additional_info": "",
    "action_info": "",
    "root_node": ["InstituteProposal"],
    "root_relations": [
        "APPROVED_AS",
        "ASSOCIATED_WITH",
        "RELATES_TO",
        "FUNDED_BY"
    ],
    "root_name" : "Root",
    "relations": [
        {
            "node": "GrantCall",
            "relationships": [
                {
                    "id": "1",
                    "relation": ["INITIATES"],
                    "description": "INITIATES"
                },
                {
                    "id": "2",
                    "relation": ["RESULTS_IN"],
                    "description": "RESULTS IN"
                },
                {
                    "id": "3",
                    "relation": ["RELATES_TO"],
                    "description": "RELATES TO"
                }
            ]
        },
        {
            "node": "InstituteProposal",
            "relationships": [
                {
                    "id": "1",
                    "relation": ["ASSOCIATED_WITH"],
                    "description": "ASSOCIATED WITH IP"
                },
                {
                    "id": "2",
                    "relation": ["APPROVED_AS"],
                    "description": "APPROVED AS"
                },
                {
                    "id": "3",
                    "relation": ["RELATES_TO"],
                    "description": "RELATES TO"
                }
            ]
        },
        {
            "node": "Award",
            "relationships": [
                {
                    "id": "1",
                    "relation": ["ASSOCIATED_WITH"],
                    "description": "ASSOCIATED WITH"
                },
                {
                    "id": "2",
                    "relation": ["RELATES_TO"],
                    "description": "RELATES TO"
                }
            ]
        },
        {
            "node": "Proposal",
            "relationships": [
                {
                    "id": "1",
                    "relation": ["ASSOCIATED_WITH"],
                    "description": "ASSOCIATED WITH"
                },
                {
                    "id": "2",
                    "relation": ["INITIATES"],
                    "description": "INITIATES"
                },
                {
                    "id": "3",
                    "relation": ["RELATES_TO"],
                    "description": "RELATES TO"
                }
            ]
        },
        {
            "node": "Agreement",
            "relationships": [
                {
                    "id": "1",
                    "relation": ["ASSOCIATED_WITH"],
                    "description": "ASSOCIATED WITH"
                }
            ]
        },
        {
            "node": "ServiceRequest",
            "relationships": [
                {
                    "id": "1",
                    "relation": ["RELATES_TO"],
                    "description": "RELATES TO"
                }
            ]
        }
    ],
    "available_nodes": ["Award","InstituteProposal","Agreement","ServiceRequest","Proposal","GrantCall"]
}