{
    "id": 106,
    "end_point": "/graph-connect/medusa/v1/medusaGraph",
    "module_code": 20,
    "header": "Connections for",
    "additional_info": "",
    "action_info": "",
    "root_node": ["ServiceRequest"],
    "root_relations": [
        "RELATES_TO"
    ],
    "root_name" : "Root",
    "relations": [
        {
            "node": "GrantCall",
            "relationships": [
                {
                    "id": "1",
                    "relation": ["INITIATES"],
                    "description": "INITIATES"
                },
                {
                    "id": "2",
                    "relation": ["RELATES_TO"],
                    "description": "RELATES_TO"
                }
            ]
        },
        {
            "node": "Proposal",
            "relationships": [
                {
                    "id": "1",
                    "relation": ["ASSOCIATED_WITH"],
                    "description": "ASSOCIATED_WITH"
                },
                {
                    "id": "2",
                    "relation": ["INITIATES"],
                    "description": "INITIATES"
                },
                {
                    "id": "3",
                    "relation": ["RELATES_TO"],
                    "description": "RELATES_TO"
                }
            ]
        },
        {
            "node": "Award",
            "relationships": [
                {
                    "id": "1",
                    "relation": ["FUNDED_BY"],
                    "description": "FUNDED_BY"
                },
                {
                    "id": "2",
                    "relation": ["ASSOCIATED_WITH"],
                    "description": "ASSOCIATED_WITH"
                },
                {
                    "id": "3",
                    "relation": ["RELATES_TO"],
                    "description": "RELATES_TO"
                }
            ]
        },
        {
            "node": "InstituteProposal",
            "relationships": [
                {
                    "id": "1",
                    "relation": ["ASSOCIATED_WITH"],
                    "description": "ASSOCIATED_WITH IP"
                },
                {
                    "id": "2",
                    "relation": ["APPROVED_AS"],
                    "description": "APPROVED_AS"
                },
                {
                    "id": "3",
                    "relation": ["RELATES_TO"],
                    "description": "RELATES_TO"
                }
            ]
        },
        {
            "node": "Agreement",
            "relationships": [
                {
                    "id": "1",
                    "relation": ["ASSOCIATED_WITH"],
                    "description": "ASSOCIATED_WITH"
                }
            ]
        },
        {
            "node": "ServiceRequest",
            "relationships": [
                {
                    "id": "1",
                    "relation": ["RELATES_TO"],
                    "description": "RELATES_TO"
                }
            ]
        }
    ]
}