{
    "baseUrl": "http://192.168.1.226:9400",
    "authUrl": "/auth",
    "elasticIndexUrl": "http://192.168.1.225:9210/",
    "currencyFormat": "$",
    "isElasticAuthentiaction": false,
    "elasticUserName": "elastic",
    "elasticDelimiter": ":",
    "elasticPassword": "Passw0rd321",
    "elasticAuthScheme": "Basic",
    "enableSSO": false,
    "indexValue": "_jhu_agree",
    "isGraphUsedInApplication": false,
    "isShowServiceRequestSearchGlobally": false,
    "socketUrl": "http://192.168.1.226:4011/"
}
